{
  "[3, 1]": 19.685023353582384,
  "[3, 4]": 0.5314410000000002,
  "[3, 3]": 6.741525126010537,
  "[2, 4]": 0.0,
  "[2, 1]": -9.41955711671552,
  "[0, 1]": 0.05224315231846116,
  "[0, 2]": -0.4880894039099999,
  "[4, 3]": 7.329398800097358,
  "[2, 2]": 89.21647229129609,
  "[1, 3]": 0.0,
  "[4, 4]": 0.5904900000000002,
  "[1, 2]": -0.9,
  "[4, 0]": 57.70007845453349,
  "[1, 1]": -13.368800601461192,
  "[2, 0]": 44.674349127893564,
  "[4, 2]": 71.78519184224783,
  "[0, 3]": 0.0,
  "[0, 0]": 10.732951072581665,
  "[3, 0]": 52.30508772560741,
  "[2, 3]": 0.81,
  "[3, 2]": 80.24178924714933,
  "[4, 1]": 64.11223196306014,
  "[1, 0]": 38.00650050630169
}