{"[2, 0]": 50.90076638476629, "[3, 2]": 80.24375862445976, "[1, 1]": 6.356969207767222, "[0, 0]": 10.523899590468769, "[4, 0]": 8.302503491918047, "[3, 4]": 0.6561000000000001, "[1, 2]": -2.67309, "[4, 3]": 0.0, "[3, 3]": 6.970546731858152, "[4, 4]": 0.0, "[1, 0]": 45.795406374195096, "[3, 0]": 60.10095163647662, "[2, 2]": 89.21647229129609, "[0, 3]": -0.7290000000000001, "[4, 1]": 6.273492058672339, "[2, 4]": 0.0, "[4, 2]": 5.631911776204625, "[3, 1]": 66.90000711027406, "[1, 3]": -0.81, "[0, 2]": -0.26211851099999994, "[2, 1]": -19.99607765407679, "[0, 4]": 0.0, "[2, 3]": 0.0, "[0, 1]": 2.3971909843905967}