{"[0, 4]": 1.1166165900000005, "[2, 4]": 1.4507100000000002, "[3, 0]": -0.7290000000000001, "[4, 4]": 0.0, "[3, 2]": -0.6561000000000001, "[1, 1]": -1.791, "[4, 1]": 0.0, "[4, 2]": 0.0, "[3, 4]": 0.6561000000000001, "[0, 1]": 11.109159743103696, "[4, 0]": 0.0, "[1, 4]": 1.7615504241000006, "[0, 3]": 15.209502632814855, "[3, 3]": 0.7290000000000001, "[2, 2]": 21.38915570876066, "[2, 1]": -1.791, "[2, 0]": -1.3923900000000002, "[0, 0]": 2.658271172935375, "[3, 1]": -0.81, "[4, 3]": 0.0, "[1, 0]": -0.38679613212570363, "[0, 2]": 13.022758184154045, "[1, 2]": -0.9, "[2, 3]": 19.250240137884596, "[1, 3]": 17.09915601681712}