{"[2, 0]": 0.5904900000000002, "[1, 2]": -0.9, "[3, 2]": 0.81, "[0, 0]": -1.1750751000000004, "[4, 2]": 0.0, "[0, 1]": -1.3778100000000002, "[2, 1]": -0.9, "[3, 1]": 0.7290000000000001, "[2, 2]": 0.9, "[1, 0]": -0.17124209999999995, "[2, 3]": 0.0, "[4, 0]": 0.5314410000000002, "[3, 3]": 0.0, "[0, 2]": -0.81, "[1, 3]": 0.0, "[0, 3]": -0.7290000000000001, "[4, 1]": 0.0, "[0, 4]": 0.0, "[1, 1]": -0.81, "[3, 0]": 0.6561000000000001}