{
  "[3, 4]": 0.47829690000000014,
  "[1, 2]": -12.594748082284033,
  "[1, 1]": 2.00393605491039,
  "[0, 3]": 64.58184212445614,
  "[3, 2]": 2.25494361,
  "[3, 1]": -0.17124209999999995,
  "[2, 2]": 89.30549289243447,
  "[4, 3]": 0.0,
  "[1, 0]": 1.6066010627932266,
  "[4, 1]": 1.3056390000000002,
  "[2, 1]": -0.9,
  "[1, 3]": 71.79920960784163,
  "[0, 0]": 6.396392852425857,
  "[3, 0]": 0.34307469000000024,
  "[2, 4]": 2.0294492490000002,
  "[4, 0]": 1.1750751000000004,
  "[4, 2]": 1.4507100000000002,
  "[1, 4]": 6.754117772997094,
  "[4, 4]": 0.0,
  "[0, 2]": 57.96271067282497,
  "[0, 4]": 2.661705323843085,
  "[0, 1]": 52.16145324073556,
  "[2, 0]": 0.11057843790000027,
  "[2, 3]": 80.36225242647792,
  "[3, 3]": 3.5728253622900006
}